{"count":1,"gauges":{},"self":2.7286884,"total":3.278205,"children":{"AgentResetIfDone":{"count":123,"self":0.0050564999999999994,"total":0.0050564999999999994,"children":null},"AgentSendState":{"count":123,"self":0.0119659,"total":0.0189603,"children":{"CollectObservations":{"count":248,"self":0.0069944,"total":0.0069944,"children":null}}},"DecideAction":{"count":123,"self":0.4666437,"total":0.507622,"children":{"RayPerceptionSensor.Perceive":{"count":248,"self":0.040978299999999995,"total":0.040978299999999995,"children":null}}},"AcademyStep":{"count":123,"self":0,"total":0,"children":null},"AgentAct":{"count":123,"self":0.0148796,"total":0.0148796,"children":null}}}